hcr,sr,vcr,v_max,a_max,label
186.4112365752116,66.56466018596625,251.7683745809336,75.15911999822454,46.98112696313313,walk
148.03882818878628,23.33945489462847,199.38562895696893,21.192056106888224,20.265431721313156,walk
36.88232218852028,35.24310786903049,67.2077870990814,16.18004637268879,7.4683627468050275,bus
245.65823858635156,50.02766560877068,355.42043029514696,26.876681299408652,13.48857453247979,walk
139.95834343067236,37.656953389418575,185.77430338779828,85.04212936094315,28.155892762094265,walk
81.26498985710617,51.02685409632249,140.79631963614906,33.19522210764343,20.943186066580612,bus
330.5014671402192,18.619800965646153,450.20018763365874,45.57123802153071,41.77672124083932,walk
50.606999885481834,39.02743211507497,101.64287265134911,12.783082136014736,8.171175091015684,bus
176.90927647370788,5.896975882456929,269.78664662240453,29.756770764114616,27.536056206812656,walk
71.19273918065456,5.840646008168999,109.2358658825121,85.95369100759677,63.02389677328509,bus
127.66279497014068,11.025423201966696,185.40119542254521,73.17061426193538,36.479541055868864,walk
86.2018769023026,72.4961391521457,152.56650179779916,18.53336173077732,5.941906129199284,bus
235.1177291764625,18.41283421261453,379.5876591523611,10.007543398026467,6.658431638703053,walk
76.162078064955,20.612672503818096,139.04819756812884,98.4104188921214,32.43704021285676,bus
144.64318162861855,56.45246477232055,241.93913473851666,13.70519495195746,11.591587962589358,bus
197.5390476521517,21.80284701479866,323.3651165688813,20.66308345025396,17.305249537824665,walk
283.7890044875802,59.12270926824588,449.33259043866866,10.025547065323941,8.142474519366058,walk
51.645111490222796,29.839397749906503,104.82044850608182,18.524547225610387,11.36296374827329,bus
277.9776592652531,10.030121726065834,419.83223796246995,9.747172078958213,6.065577125388383,walk
203.01094077849285,63.07136024186185,335.0666012848911,83.35110368734303,30.985918027549605,walk
30.317706953968525,28.21231063772071,56.42462127544142,15.146207330173542,4.619233163637985,bus
297.9723061836315,28.501698852347356,462.50484046763665,33.61970752201437,16.61139118904786,walk
156.19451228190576,37.25740659935367,222.11146241922378,41.16131626459487,32.81369780183256,walk
43.41320304257478,28.63424030467698,93.75404486853914,14.807448414742677,8.097181590740922,bus
314.9386822048968,18.612239383804166,469.7141465544262,14.37099048837197,12.317991057041887,walk
227.37830328519524,20.81632354019393,304.238574818219,7.3730944602545305,7.336980701502702,walk
290.5080258451114,198.6126299145149,349.79537805839936,52.63216495767242,26.21460818607928,walk
75.42857604570948,56.75813643043485,131.81330368383883,14.951857239571854,12.994355642813838,bus
362.8938164717405,36.43512213571692,457.62513402460445,12.086063306943608,10.938412430772,walk
100.45236390630406,22.359828510705555,164.194561601002,14.203137553093937,9.68943424235809,walk
180.63247520711977,6.228706041624819,289.6348309355541,16.695801374116172,9.320548895374856,walk
108.49887696106114,65.17467261897076,187.23590920016454,17.642270681856925,7.170010462904732,bus
311.2800336025895,27.35096529562502,501.43436375312535,9.200161210981404,6.56049930322131,walk
303.00055530232413,147.49838352452758,404.305646622271,48.80882138570577,25.221291232588666,walk
2.5232473723555,0.4205412287259166,4.485773106409777,15.931196506295477,5.068287920331494,taxi
0.12916659427646518,0.02029760767201596,0.24357129206419148,698.6808579533147,24.614167942781513,car
0.04803792214159026,0.0036952247801223274,0.14780899120489308,42.350785433059194,1.0806461536826153,car
0.24335688433086478,0.06274044674155108,0.32320836200192976,41.89023391687887,8.480652349872749,car
0.3502887579613028,0.05004125113732897,0.5170929284190661,35.4677277050438,4.000799234412844,car
0.19603986329070036,0.021782207032300042,0.32673310548450063,69.71866836297785,6.009424962924657,car
10.178999551764315,3.86801982967044,21.783059040775633,15.742663190713557,2.53426639501729,walk
1.907493324593846,0.07480365978799396,3.21655737088374,37.40682390802754,2.1355144806322754,car
18.980531215503895,3.7426399579866834,26.465811131477263,24.513643097981266,11.793338055165886,walk
0.32563672097913493,0.06302646212499385,0.3991675934582944,634.4236259598547,4.80384278766705,car
12.317689622389477,5.132370675995615,18.219915899784432,113.35512821786794,12.537363227951309,walk
4.030102185646506,0.296331043062243,4.207900811483851,21.259633775738838,6.291928862267167,car
31.985197752925416,21.323465168616945,42.64693033723389,10.128363401883632,4.787518691742893,walk
5.143137616239159,0.4675579651126508,4.052169030976307,30.20826868769009,4.872758779740353,car
31.59442556353757,12.405173227401255,36.44019635549118,21.57867399758651,6.703897268995839,walk
37.25699451459,21.494419912263464,37.25699451459,13.273639171549059,6.479019623783531,walk
20.11703122553049,4.1265705078011266,24.931363484631802,2.637305893477303,0.13216600593407332,walk
48.62317462318721,27.228977788984835,101.13620321622939,21.02188411693754,3.5582258758921252,bus
19.979414000328767,14.011537091139655,44.369867455275575,16.18985253158119,1.780748764861138,bus
112.77765439442413,31.21524362702811,147.3493758308101,25.683523149856125,12.817105007858883,walk
10.233488648701524,5.3493236118212515,16.97828798534571,21.352946590970696,2.0119007763971393,taxi
13.401202140321406,8.739914439340048,30.589700537690163,13.8412247479724,2.260477254532249,bus
195.5821866361234,91.71637253947321,268.95528466770196,29.118119296626155,14.550757156454866,walk
27.518518113636592,18.345678742424393,57.33024607007623,14.022336628798822,2.2134684164423355,bus
57.550370314621894,31.16142002401478,136.71722118644323,19.43308802388481,9.023983595748502,bus
549.9276911515535,942.7331848312347,1256.9775797749796,1.164975358430832,0.5124472568037334,subway
106.93792208636708,44.21108439613056,158.70645680662253,16.93739158909374,4.209882742912808,walk
36.604945728445614,3.6604945728445615,98.83335346680316,14.640094697958657,3.923457163893425,bus
216.990568872884,211.74381936645847,288.9459906752911,47.28958445129855,23.1857692623678,walk
31.36544778026902,11.877049559461868,74.60794511999991,16.516829844752923,4.135717388375202,bus
27.255008013143797,10.767410573093846,52.154644963423316,38.343894485648406,13.95346307597795,bus
129.42254894402538,33.14054487785017,184.191659952683,38.84932953146852,16.377794662001037,walk
13.496900584734854,18.423269298163074,33.60728245598979,21.854282824353504,2.3005482463456386,bus
2.7751383191320325,1.3875691595660162,8.325414957396097,1.3267033930024943,0.02215765320224222,walk
8.577774553990558,7.01817918053773,14.03635836107546,10.87623934965549,1.3021401742442211,walk
6.809512376138019,3.4047561880690096,9.727874823054313,1.1667437884445082,0.012061151103770417,walk
5.699856423242162,3.799904282161441,10.133078085763843,6.794312402763875,0.47501585731275875,walk
6.969902413045381,4.065776407609805,8.13155281521961,21.23668649260633,1.1798159162559072,walk
6.961989008116185,9.493621374703888,15.189794199526222,0.8344948326204625,0.005674298460158032,walk
10.049976882240578,7.369983046976424,11.389973799872655,1.7492987648277747,0.015597101556475155,walk
0.5806894628953019,0.11613789257906036,0.7466007380082452,27.419255206752204,3.243057521395128,car
1.0312716049385025,0.2578179012346256,3.0938148148155076,11.560940226511047,0.15100124229580947,bus
8.889703974502252,2.666911192350676,8.889703974502252,53.67747028202179,26.6202686107052,walk
8.030337220748207,1.4600613128633104,8.760367877179862,65.70091224352109,8.212614030440136,walk
5.15761829238486,1.289404573096215,9.025832011673504,1.8225447256116287,0.02502451579175676,walk
8.277121257514107,1.0346401571892634,10.346401571892633,29.041058974157597,6.637874414176613,walk
3.93920851726898,0.787841703453796,11.81762555180694,2.851470021339371,0.13497555188787158,bike
3.6286744879140014,1.4514697951656006,10.160288566159204,6.3669398236861285,0.2804987531254906,bike
9.917290307036772,0.7628684851566747,15.257369703133495,8.642435827634547,0.7963263295786028,bike
1.5445144111974385,0.3861286027993596,3.4751574251942365,14.348719800729004,1.4348719800729004,taxi
4.239388781537368,0.6056269687910526,10.901285438238945,5.3799346655003975,0.24699540527798466,bike
4.230999559318514,0.47011106214650156,8.93211018078353,29.146558762064945,12.72727710612455,bike
6.907227658792644,0.575602304899387,11.51204609798774,41.600844440006846,20.31002245494525,bike
3.1100764292996823,0.3455640476999647,5.1834607154994705,42.17303629578765,9.11034341379114,taxi
27.477597366002453,5.888056578429097,27.477597366002453,2.029827164556588,0.10366414697642039,walk
10.461014112330313,0.5811674506850174,16.272688619180485,10.1744644139996,2.6644494047805387,bike
5.769555948980264,1.730866784694079,10.9621563030625,9.255634063977492,1.0268562529069316,bike
7.8726486763563726,2.4223534388788837,15.139708992993024,7.195787671291512,2.26273399310336,bike
4.810763408874729,0.6013454261093412,9.621526817749459,7.119876649093134,0.15816742939434147,bike
2.2348339527403804,0.13146082074943416,4.403937495106044,22.83783602265316,1.4635282633757347,taxi
29.244902605393023,12.949235481989945,37.538233194982084,6.652817515040809,1.1397457334798589,walk
1.686309553717276,0.12971611951671355,2.7888965696093413,30.073673238113965,1.6754967760408628,taxi
4.185118847288452,1.1957482420824148,8.96811181561811,6.604585446893672,0.19515420417218665,bike
5.323250699869683,0.6654063374837104,7.319469712320814,8.219393815912072,1.369009945183528,bike
4.529373863535646,0.9058747727071291,9.964622499778422,5.94821989765775,0.24782448203924134,bike
5.88154726800214,0.588154726800214,7.057856721602568,7.445825644585086,0.5082330756647089,bike
5.523459188708268,0.6137176876342519,9.20576531451378,5.3912691713270275,0.42162143194415264,bike
2.9876387878624446,0.17574345810955555,3.339125704081556,20.402178204190587,1.0469959208705792,taxi
2.169134769375774,0.5874740000392721,3.8863664617982616,18.256784505292632,3.5399683774848754,car
1.7281195567020098,0.20946903717600118,2.8801992611700165,17.66568777840771,1.4937460226929364,car
0.5608556567675071,0.04006111834053623,1.041589076853942,21.870094667802704,0.3378053756645071,car
7.5332614959418045,0.9416576869927256,18.833153739854513,55.50107616590614,18.14833910860779,walk
2.5386062167660732,0.5077212433532147,3.300188081795895,15.806423690843467,0.8540753518613453,taxi
1.3003850043695664,0.1625481255461958,5.689184394116853,21.968112699436777,3.0229220248345956,bus
3.0060608125242845,0.27327825568402586,6.558678136416621,34.69143531144811,9.391014844205577,taxi
1.7919056404359286,0.33598230758173664,3.135834870762875,16.22026906049085,5.157599384605332,car
2.328239093690702,0.5820597734226755,6.984717281072106,9.551983428211399,0.7347679560162614,taxi
3.977134007076511,0.4545296008087441,5.6816200101093015,145.63162876775112,71.9258537177478,walk
3.006718155983583,0.12026872623934333,4.931017775813077,145.63162876775112,71.9258537177478,taxi
1.7445192071210773,0.697807682848431,6.629172987060094,40.73974418099671,19.411676165838124,bus
10.708802700473276,1.3386003375591595,13.386003375591596,1.7706391298305646,0.042216882633328304,walk
18.13238819026628,3.626477638053256,30.220646983777133,6.064743813833706,1.6135928809072897,walk
4.042455944172767,2.0212279720863835,10.106139860431918,11.112334418739538,0.4098389388262106,bus
2.0248867683113487,0.3374811280518914,6.412141432985937,10.839898912132849,0.7308279644604544,bus
1.176053996807748,0.7840359978718319,3.9201799893591596,11.852635583128878,0.4727710062566932,taxi
3.045972768316908,0.2769066153015371,5.815038921332279,33.81715489323252,5.239841263936669,taxi
2.215067743081975,0.443013548616395,4.134793120419687,12.105380948012597,0.5111145880565249,car
0.5243692428554285,0.13983179809478094,1.7478974761847619,18.28572768637989,0.8840377951443559,car
0.9256590705233797,0.16529626259346064,2.4463846863832175,23.224044491111446,11.547905944294095,car
3.32627275076763,0.4587962414851904,5.964351139307475,10.207625764762136,0.5050620753648829,car
4.044932429671329,1.0551997642620858,5.803598703441471,13.952494345126638,4.436988111233325,car
11.95018107821368,3.4143374509181945,30.72903705826375,2.8635688548365232,0.12465605210579356,walk
2.861644594399766,1.1783242447528448,8.92159785312868,170.9093816337106,56.75463163801259,bus
6.700775204483507,3.3503876022417534,13.401550408967013,7.704749130178402,1.4602121796277787,walk
14.46164257350991,3.6154106433774773,27.718148265893994,3.0563617553596836,0.2546968129466403,walk
2.2430006087976704,0.1319412122822159,3.6943539439020454,15.229581860735454,0.7807357060086993,taxi
157.66397957997808,32.4168929977525,176.81941635137727,25.850337850899965,7.698042194551294,walk
56.12222719748695,11.562870930135503,94.75913737867144,13.90465321325213,5.816276220061058,bus
194.9778625127829,13.926990179484495,254.6649632820022,5.095199225510706,1.928442807728944,walk
5.8752632297111544,2.3501052918844616,18.46511300766363,19.22740095673541,3.427100337986766,bus
137.6495056533781,103.23712924003357,213.87945340445773,47.45977964414629,21.11496294010952,walk
11.164576995629309,0.7974697854020935,28.708912274475367,53.93245766382872,26.96622883191436,bus
184.52126975327465,107.22181891068662,246.85953656181337,10.199109662767599,2.650949730465624,walk
82.87389150523143,48.42070065474196,110.34332745359465,17.14873413362387,4.708371101198124,bus
334.51735648903053,167.95365890204096,426.71812372077164,5.9544148590273815,2.086218174605164,walk
26.991868206787466,20.830680898716416,57.651109811236275,18.46942116054378,2.5169230598437364,bus
33.87782525994362,8.357525174259218,61.78598968113065,15.127030320572073,5.200011755718049,bus
34.87593391926594,4.253162673081212,106.3290668270303,5.200413143411498,1.4068940557037857,bike
368.69176700992335,314.40586266490396,477.26357569996213,5.044373342281568,2.00429906145242,walk
72.85384789128973,6.699204403796757,125.6100825711892,31.679131871095706,10.766867235550762,walk
8.524163004364258,3.0648675970747896,21.35829606711494,20.105775318427856,2.9135906759012062,bus
67.66017216084792,80.67174373024174,98.88794392739311,6.215272447436787,2.634628344247191,walk
10.408965989063192,0.7178597233836684,27.81706428111715,35.311962561765235,7.506475365027708,bus
102.19170062088409,53.60876098144739,142.8170898021372,120.37413710652041,50.388744903930096,walk
13.202502706225355,4.0850793126885625,24.27365968409146,20.918716963804027,7.2867370376870655,walk
12.693878397594965,8.160350398453906,26.942109252038293,14.543239112236623,3.034404026622281,bus
132.59406299290285,32.49854485120168,206.6907452536427,14.326910939021824,5.072834568536958,walk
70.0907103298879,14.018142065977578,142.65521043612478,12.083371321389574,6.041685660694787,bike
215.3010593495216,18.323494412725243,229.04368015906556,7.17372035194079,2.9392799438599067,walk
12.885886074782322,6.197029181002185,30.985145905010928,16.959195213511084,2.9667785124200274,bus
138.7003958076357,12.144274287304507,191.11252694231828,66.01714859341278,21.993804912297726,walk
17.574478640945067,20.305647618929775,46.31112614843633,14.111311567297468,3.9888345243645045,bus
82.09840228144976,19.840447218017026,156.67111768709995,11.285687905602087,2.8502227899091914,bike
7.752776519380629,3.8247030828944437,23.775181326100594,37.79116239638747,16.223873345472356,bus
15.389558087169448,15.53205399538398,36.90644022756376,26.041718833285213,8.473572987069764,bus
130.11393477696802,110.34979278552984,205.0529731611711,10.909331882640593,2.783658326194891,walk
3.397193548187531,1.782134320360672,15.092450025554442,20.87647151689969,3.1110878681593506,bus
133.08042149418316,73.93356749676842,214.4073457406284,7.188531843204312,2.040123262494099,walk
222.82039631898522,23.164496647023213,308.8599552936429,11.1286021153063,5.56430105765315,walk
17.51914928025111,13.781730767130874,37.490979459737375,12.72563882318358,2.2603787170333502,bus
66.20202262358134,14.186147705053145,133.75510693335823,10.902735028835334,3.006829541896733,bike
185.917126619046,212.4310811025182,268.9728876516095,105.58784102694779,33.351391799329676,walk
11.588227230165048,7.397841490685722,32.12629066934149,42.055440462748685,20.167606018035517,bus
98.25230157445642,41.06066334454895,166.44233177165378,6.7495646974514765,3.120460639850365,bike
80.87424316563543,8.643048887930505,138.28878220688807,32.434815047061136,16.15786935055796,bike
61.73929789418595,8.448535501309657,124.77837048088108,12.992462420701385,5.014132683126248,bike
51.75718191381481,1.101216636464145,93.05280578122024,8.471236199573596,2.5386922568008687,run
164.30426138881535,47.92207623840448,308.0704901040288,8.196154927915767,3.7997163614303755,walk
97.09269462213899,43.76717322345126,171.04412524107389,27.693027771925603,10.951747449760283,bike
1.3232796776055824,0.6931464977934003,4.001345691807357,28.482348727865983,5.496158835903419,bus
247.67365178728733,131.775083963749,360.3969163827835,6.846656747470785,2.8406517321447673,walk
354.12760508129486,294.11780402318385,519.5034521832986,6.1973327672540925,2.8939613182722934,walk
2.872730985413045,1.2187343574479585,10.243172099503079,22.447220056515125,1.978464949302901,bus
559.4904469849878,425.21273970859073,693.7681542613849,3.942644633519768,1.877806191030836,walk
2105.5311003488946,3382.4338321733853,2635.3098933399065,1.8628992433756795,0.6061109795638746,walk
1.3434744767375728,0.8529996677698876,4.467585759944786,29.6135463458633,5.218441811493876,bus
116.49248824539183,50.17250731360935,171.8552549362711,12.899503201741494,6.449751600870747,bike
70.18680206580369,8.983910664422872,119.59831072012948,23.069882846621994,8.140804839206742,bike
119.83013472791627,59.91506736395814,176.22078636458275,9.383660774337095,3.52802373109709,bike
53.05040832866408,16.89314678622264,111.13912359357,31.69399352684977,15.834543939641872,bike
38.16187286709492,6.963845413703453,88.30155984575978,13.781997606903259,5.018081818630396,walk
108.00783810826631,20.251469645299935,156.22562297802807,25.64511183480053,12.582274995916206,bike
84.64818886364709,24.32056172574935,141.18559858973975,37.75916051413402,18.87958025706701,bike
49.40349382904676,23.07468574051286,110.93598913708105,9.443538090910199,3.2783384551041928,bike
53.356132913579266,17.256444473908537,97.58816874899999,42.45463509594044,18.010348703799473,bike
71.8657275834071,16.05510935373988,105.50500432457636,43.19281759088566,21.59640879544283,bike
30.133589294581743,0.350390573192811,62.01913145512754,6.370927041435941,3.0223193909552037,bike
65.44400833327154,21.024998152318005,119.93132748857454,25.2915206792199,11.202792250106427,bike
43.125779615850526,5.948383395289728,85.95414006193657,18.004043531129717,8.551559190890979,bike
91.78531181922153,62.77768968767511,143.3063123215204,12.230057944187239,4.095000499554113,bus
221.60544850047697,31.030617623580657,315.8682680739956,9.153579093396997,2.3763037693433047,walk
49.586960038714935,13.523716374194981,74.3804400580724,5.204841088973526,0.4661223334154302,bike
40.2898493986859,17.182435772968986,59.7237767556991,49.19958789927034,9.429527436076256,bike
33.22105993550877,4.152632491938596,62.80856644057126,9.46173829972308,1.5887834368306435,bike
21.13817230547627,0.9608260138852851,29.785606430443835,3.670055758322227,0.39972832744432574,bike
45.648764020653836,13.893102093242472,67.48078159574915,10.145964606187263,1.8950735930509097,bike
88.33315859672481,26.26120931253981,105.04483725015923,8.556726792546572,1.2450621869302467,walk
17.810502835853466,1.6191366214412242,39.66884722530999,7.69048678385551,0.8203683198451053,bike
23.423253144788422,3.4701115770056923,44.24392260682258,6.984280532679271,0.6052483171099272,bike
45.41274094256698,5.045860104729664,80.73376167567463,7.687278014907848,1.3238525142433615,bike
42.193436118365646,4.219343611836564,75.94818501305815,6.4248381999077875,0.5074172206368837,bike
22.591233994228222,11.833503520786211,49.48556017783325,7.42322764355625,0.7147290663730999,bike
18.345841874595834,8.127904627985496,37.620587135247156,7.822350354827556,0.9579130283745091,bike
49.59320030537182,3.8148615619516786,99.18640061074365,3.496416563168818,0.6992833126337636,walk
12.558447893552643,5.678602525780326,24.461672418746016,19.782157856363664,0.8674825140034738,bus
177.14766056430526,139.64925066383188,259.9027720687982,4.269478823891417,0.6052094255816486,walk
143.95295756294425,114.773304002888,184.80447254702304,5.757547140666111,0.8958761182050893,walk
22.322296914984225,4.8830024501528,48.830024501527994,6.327311379914417,0.8785497389059682,bike
18.777560978831755,0.8941695704205597,38.89637631329435,6.11688442740254,1.0356741046890663,bike
16.760802014412143,1.6760802014412142,53.63456644611885,20.162458610370876,3.2088809574013197,bike
62.413821223065334,24.519715480489953,90.50004077344472,13.194226127358244,2.1497295708363344,bike
77.88553594439297,5.192369062959532,106.4435657906704,2.480945236385913,0.24860882900200937,walk
138.28089689814493,12.237247513110171,232.50770274909326,8.618436719761837,3.648682919851037,walk
29.339816208951834,26.342052378906754,66.20593309759131,31.439724092036585,10.789278049105103,bus
228.00019229354612,66.81576632167364,316.8582732780399,7.593356687411544,3.5318323541519256,walk
0.6246283006588985,0.06940314451765539,3.192544647812148,30.245707150887757,11.8353195764232,car
262.79315166259806,170.32889459612835,340.6577891922567,8.257878153349653,3.3714164503515223,walk
111.45655128526224,22.345812238121034,179.31151771565416,11.417851537216439,4.358122056016976,bike
73.75106961239227,19.206007711560485,104.99284215653066,19.166181579594213,6.584063615040726,bus
64.30281824080481,28.293240025954116,94.0658369694059,11.91944207395753,1.6134563274489937,bus
187.7614004350297,61.44918559691882,327.7289898502337,5.120593662605761,2.1870687310415717,walk
43.69516844806153,12.623048662773332,108.26691737686357,11.77379874351366,5.4757592326372,bike
188.35698565455152,17.28045739950014,298.9519130113524,3.4512522786552786,1.3364438960666651,walk
21.88796019021109,24.463014330235925,61.15753582558981,13.077140638669741,3.045726507455485,bus
355.222258647879,182.4114301164784,454.42847502701636,5.0322508271422155,2.406031661413303,walk
27.504632925400223,15.895962913720513,55.53693266951316,16.710581955699052,7.070899279104674,bus
49.95664683986044,36.55220377526432,85.85929610538662,15.538092966564594,3.3333930522298436,bus
118.2701474574526,12.23484284042613,189.13027890825393,7.897652015383869,3.9488260076919346,bike
38.09281372052493,3.734589580443621,108.67655679090937,10.0428140197671,2.4584833965666824,bike
33.95861190243111,3.087146536584646,78.37922040106574,13.514485183217259,3.72153797265881,bike
160.97928996442988,75.3791913325505,228.69280082248372,16.106528072233363,5.577641480452841,walk
31.720363791770385,28.84912396579117,75.40422685845417,14.973279483187206,3.331726445716391,bus
244.89643566095614,50.91906088000078,310.3637996495286,8.922211166068614,2.8862976275029917,walk
239.34152162674133,49.63756403347202,338.125188663651,21.291098789016043,10.645549394508022,walk
155.43191650267798,4.934346555640571,259.05319417113,10.644452024133006,4.773597192615446,walk
281.03271879090414,165.37304390944902,402.7797449819096,3.570171496713606,1.785085748356803,walk
17.265792961910005,7.043446226338738,29.513909629835336,41.715718079588214,20.222827132112762,bus
248.1430982057586,133.61551441848542,318.13217718687,9.963132060200385,3.8946554546652754,walk
32.23488861494528,24.589434263964666,72.80401125213068,15.773454893536778,4.0492312590082955,bus
193.710102059694,27.466357754732734,274.66357754732735,5.969356123470452,2.77224406112117,walk
118.58702959250073,52.43310812560982,196.991677256964,13.228197781355343,4.092374374074292,bike
66.12253135703577,21.291883074514754,102.39362865482724,99.11290776930288,45.67970831262581,bike
83.17752295105531,7.055236321741298,139.6194135249857,54.73741890426678,19.707813263122066,bike
51.46972351344549,9.465696278334802,106.48908313126653,24.5746529773991,10.591603857305836,bike
99.42569445683209,34.77182756960248,149.95350639391071,8.477831803810622,3.5345492353071677,bike
214.60069793910185,6.671524288262233,299.1066722570901,3.4057447648241763,1.127495499825248,walk
24.991781715354,19.041357497412573,64.5621027646645,16.000986212694034,3.9411847217928755,bus
188.132159772312,52.5202279364371,277.4949356641602,6.567053203274547,1.8912975940617085,walk
40.386947903556,21.72715551773582,78.72898705250157,17.224563884373474,3.3995354208522257,bus
195.5902756349091,84.38773989086803,285.49870878966567,10.98806963293424,5.098390910387536,walk
48.04252710925465,19.355262720275253,82.08705171545309,19.906811295014435,7.566261345664383,bus
68.25238649746537,34.87787151412327,125.53027032022817,51.233661196475225,11.918855885936756,bike
42.42469854756082,6.463137669354969,76.56332316005117,51.83741019207358,24.91432936192547,bike
114.25586076873527,13.689642304088096,190.6019428492266,12.976103353743445,6.488051676871723,bike
63.413859251751106,7.8612222212914595,131.02037035485765,10.62031551354261,3.3126837208852207,bike
71.96809380263493,14.539008849017158,129.76065397747814,58.33981279114121,29.063448028868184,bike
87.26184449347619,23.269825198260317,141.94593370938793,20.124594079036193,9.196710746696766,bike
61.920599783630415,12.057146492522095,113.21456198063119,22.356750119272867,9.407335698389456,bike
59.70503120362437,25.70633287933827,121.89777204073309,46.73272859326856,17.81083958907216,bike
68.07912744127606,20.370132620224332,116.32417838391262,9.153031959657778,3.548112182601256,bike
49.61983509997432,5.380464046985167,91.76680346802479,11.633001659688121,4.625674099492903,bike
120.8721248082831,15.365100611222429,187.9663974772877,14.20028236675572,6.565134724112756,bike
49.435557181925006,23.469405934853288,101.86720873851213,33.18564642610046,15.094413316059937,bike
117.99827348748313,20.26232979077993,200.6367949871346,11.072180839182828,3.3493324137103824,bike
40.22263975517938,1.2006758135874442,94.25305136661437,8.97676220246976,2.8892564632571016,bike
47.12182196944494,13.132311040664982,106.60346609480986,26.20316670199482,11.270200879991176,bike
49.929642535005286,10.784802787561143,122.22776492569294,14.90036388123097,5.412264501425847,bike
36.11508334595976,5.589239089255677,104.04583535383645,16.5503041013584,6.545186520333994,bike
35.23360983229471,9.671971326512274,95.10771804403737,39.38172847981779,13.348516576894415,bike
54.99201171542365,7.0202568147349345,108.81398062839149,8.265685233006206,3.0745595799973016,bike
146.5898866026877,16.826465582798782,224.1627448827092,20.69348768369565,10.318945110256871,bike
7.473912404340917,3.559005906829008,11.032918311169924,10.913576133292613,1.1249989179664561,walk
0.44521037537833996,0.06360148219690571,1.6536385371195486,16.667796807253733,0.21979753142698932,bus
4.896208430131667,4.896208430131667,9.792416860263334,4.158885573522234,0.03554603054292508,walk
0.7733493463213233,0.3866746731606617,1.9333733658033083,15.266738779642376,0.0884144654837176,bus
10.950918813667432,6.636920493131777,11.946456887637199,14.427265104700266,1.8761978818734992,walk
1.7734060522496222,0.6650272695936084,2.8817848349056363,9.292321837579696,0.238482066244021,walk
0.6091928237542058,0.12183856475084115,1.3808370671761998,77.5945722446277,23.514325577660284,walk
0.4971856799015969,0.04143213999179974,1.2429641997539922,77.5945722446277,23.514325577660284,bus
0.625401332466066,0.144323384415246,1.347018254542296,77.5945722446277,23.514325577660284,car
0.19671036632323624,0.05364828172451897,0.32188969034711384,23.61056736794045,0.6787601652734401,car
2.2041715780283293,1.3225029468169975,3.526674524845327,4.7731631322612,0.05131925657100904,bike
3.619525188586097,0.25853751347043546,5.1707502694087095,20.13276101585255,2.1224857385396065,bike
2.617789036708785,0.47596164303796096,4.283654787341648,6.0538824773444295,1.0089804128907383,bike
9.44579876444049,7.171810173001112,12.594398352587318,14.97535397996191,4.951770399719757,walk
63.741972259692936,9.426629700377125,153.07051084898092,24.04991830526828,11.516378859593614,bike
48.32902926051017,14.207570047668051,94.32894867714033,19.35541169163104,16.199753266434577,bus
314.33641170971,86.23388285841601,488.1950465049036,32.42799047658109,31.077294053515086,walk
37.718695082181874,17.184579226631126,103.10747535978675,23.633460003908013,18.61360704287442,bus
82.0261613075203,5.126635081720019,104.2415799949737,9.272466692174042,1.895129792990641,walk
98.32023570575807,25.873746238357384,111.25710882493675,5.450504300397252,1.5854335058307167,walk
122.72342813454475,9.297229404132178,154.33400810859416,11.520976311734096,2.741831405148011,walk
121.19163191008923,12.757013885272551,146.70565968063434,5.520564641657665,1.7559105118181768,walk
4.241231395753019,0.3976154433518455,12.812053174670577,26.096164529580125,2.4092331134264935,bus
103.30523466311254,4.767933907528271,123.96628159573505,21.722567789872304,6.851902242282293,walk
145.21881994857304,27.762421460756613,217.82822992285958,8.02213998685609,1.7407731320194477,walk
102.4361706636614,23.639116306998783,126.07528697066017,5.472865990318145,3.9876099379949137,walk
57.80094898791845,12.38591764026824,84.6371038751663,7.047730850518168,2.3152284654811743,walk
279.47907071847413,295.60286325992456,279.47907071847413,11.946237518883704,11.946237518883704,subway
128.23028635592988,62.73019091109658,157.55868730137763,35.21137338860952,34.899208817402645,subway
20.530896353129528,1.2831810220705955,28.2299824855531,61.963471624272536,45.181799373898734,subway
79.67764139448722,5.0858068975204604,109.62739312432993,13.07691265564176,5.825932479299204,walk
36.553785724977196,5.771650377627978,42.325436102605174,49.90465517349377,28.031952125062027,subway
208.38491741508605,151.1812145952585,245.97592212525842,26.028359154766886,13.140621760344501,walk
15.769393147710547,3.4281289451544668,26.73940577220484,56.84184931008488,56.43762224195744,subway
41.81705299170888,5.379971729927457,55.26698231652752,56.27986219516546,49.32912316076498,walk
26.932626218525563,16.301326395423366,34.72891275546718,18.086665979089705,5.866265273500694,taxi
267.5526402909422,247.67281121792942,322.71327273859015,54.30928885281045,53.978361476247414,walk
30.52997266460723,15.6313460042789,50.80187451390643,69.58620787431799,32.08323880108634,walk
1.236552381229017,0.12365523812290169,1.7311733337206237,17.99336657553365,0.6987022911050262,car
0.8653045725703584,0.10987994572322012,2.07398397552578,21.363959964715534,8.173476383744196,car
1.4795415604629945,0.250769756010677,2.7083133649153117,33.69552146478236,1.6036905469305083,car
1.4568557994227642,0.5125974109080096,3.8040123651594397,15.512495291221096,0.5122820947652909,car
1.2672487776645316,0.4683310700064573,3.636453014167786,15.512495291221096,0.5122820947652909,car
0.6683714615251146,0.09032046777366413,2.2399476007868704,17.242278223006476,1.2605297168477367,car
0.6548537077138848,0.05820921846345643,1.5279919846657315,16.157257544164878,0.6722179101758167,car
3.237557334756875,0.17986429637538193,4.856336002135312,14.080444877323947,0.6722179101758167,car
0.48785784840987806,0.07227523680146342,1.0841285520219512,24.244986056351642,1.3158361558977125,car
154.12217096353262,59.04182668752245,209.33011280121596,20.819060929345735,8.97460612080642,subway
5.482913647397099,1.015354379147611,12.996536053089422,53.51870001557302,25.316372241771283,bus
12.9272475581648,0.8079529723853,18.5829183648619,1.6147164102335352,0.03560632846839741,walk
1.9524613792698073,0.38200331333539705,4.159591634096546,44.21901921725759,3.3466330643980893,bus
1.2791748477171212,0.18273926395958873,2.010131903555476,16.834885466804185,0.519642994008517,taxi
1.1062391319858553,0.11062391319858554,3.650589135553323,15.62109040468136,0.7656075208014524,taxi
2.200082608073627,0.36668043467893785,2.566763042752565,69.46959753750733,17.29741443881484,walk
0.9830367785151298,0.24575919462878246,1.4745551677726947,19.87422711375049,1.591721226524714,train
12.923729518039575,1.8462470740056538,22.154964888067845,23.35526274530814,4.392935018024509,walk
7.356418361726967,0.3871799137751035,10.8410375857029,15.266196145712277,5.088732048570759,bike
7.519550074623948,1.127932511193592,11.655302615667118,4.387360705950153,0.1726255619336739,bike
13.242320016756409,3.3105800041891023,23.174060029323716,1.2991293197424914,0.01729511221407524,walk
2.9725415451837054,0.6257982200386748,7.118454752939925,71.65718124774097,35.45921217373131,bus
20.25828640873529,2.7624936011911765,26.704104811514703,14.946422618133402,4.807410447052341,walk
2.7421388638108413,0.19586706170077436,4.5049424191178105,11.051134931540243,0.6210046677167839,bus
7.320874673612519,1.0845740257203733,16.810897398665787,15.397104582739667,6.0870316152738875,bike
10.247718360520391,1.3663624480693854,17.762711824902013,16.938547041161737,1.7104436657525326,bike
8.732569665370445,1.2842014213780066,13.869375350882471,22.364544126870168,9.09845088054342,subway
8.757222580165113,1.8575926685198725,15.656852491810353,15.013594248314059,3.8041952612347303,bike
6.106530994872126,0.5088775829060106,13.739694738462285,4.964606617493552,0.35679114781629423,bike
2.7484337594953123,0.352363302499399,5.849230821490024,24.236799189264442,5.254256688302588,bus
19.53740057451905,6.512466858173017,32.56233429086509,2.3625622388076817,0.08535324765452279,walk
41.08093393338353,12.142147960605968,94.30401582737302,39.5823684943112,14.607346587071987,bike
31.381316446363165,29.89091091592903,57.46341322896052,20.598467499015094,20.129004524806664,bus
351.4067466919235,221.109863087053,546.8520720992293,3.282939667910423,1.070292090506935,walk
8.562991259502382,13.649916760196867,23.823767761585835,28.49803639146204,28.49803639146204,bus
256.63556726875913,128.45832885194187,393.8076996095636,11.698068068690807,11.480427933800227,walk
12.448925891429823,11.618997498667834,33.736589165774824,21.439718461894902,3.5752660438470194,bus
16.962773796416904,14.428106447527021,33.73057318138074,22.41184098175931,8.71501470017381,bus
168.86828089233592,38.193149151739945,222.15681756595401,510.79246936468815,500.4342140971223,walk
59.0284209175373,23.916687785553904,124.1632302058543,13.927201762778578,13.598094243051248,bike
29.117766774548237,19.159086124225315,64.35228663888873,20.186545972901836,8.926104419778996,bus
190.44793174289202,43.230512113417205,252.37271936481395,26.928631762570014,26.154656936443434,walk
39.50127171588651,5.643038816555216,92.54583659150555,29.025000134181465,15.970655684322201,bike
4.630211106899689,1.8670206076208424,18.184780718227003,33.3465898747551,11.390130701367662,subway
71.93919322259026,27.92725437142325,118.07218936778942,37.33574864526554,33.66137839903531,bus
166.44425441622658,19.581676990144302,264.3526393669481,10.712519698669325,4.011344584841403,walk
19.054951499116488,17.509955431620558,39.1399003765636,34.286654673140724,6.31025363836881,subway
192.9160863511672,11.67967954944436,292.39473630677946,4.09259979393682,1.6204356709648178,walk
26.832817784215216,6.839737866564663,72.08031443995068,30.671330916226058,26.605687595857727,car
1968.0809442585037,2683.746742170687,2146.9973937365494,0.7144670863727263,0.2871885552919407,walk
27.707130932659474,27.968518960326072,67.96088719331568,14.839778670849421,4.765958932632569,bus
177.65016328819775,64.81830282136944,271.2766006968425,7.135013908673676,3.0912023186163635,walk
205.64841841631454,34.84126097135908,296.57561168303215,10.10606899418547,4.402325190525311,walk
209.25685745531314,33.793032880982246,266.44506694620617,34.47133740214894,33.103513882242886,walk
69.287213859163,42.81426894127525,111.12100335903502,12.661777426690561,5.423095613922857,bus
196.9688701718807,97.81989773718232,278.574056599367,17.39981533342584,11.433451156885496,bike
48.12784841668941,7.476170627835248,115.41338406720664,45.435099042879656,11.319905019192941,bike
99.52374026843717,39.169986129746356,171.86830648766258,8.194664702080036,3.3043503406929444,bike
39.36249385993785,35.95612419898169,89.89031049745422,19.273843047991956,3.7085261802527594,bus
182.39490282516115,6.289479407764178,244.03180102125012,4.868150421262021,1.614826143731992,walk
6.451868160546055,6.112296152096262,25.29811462950953,32.96616074343971,13.504064881383254,subway
129.4901489720753,82.87369534212819,261.57010092359207,4.98869069432239,2.1521918903995183,walk
148.8618769101968,26.843945016592862,209.87084285699876,9.278430699822986,3.186212976547849,walk
198.17210207557136,30.255282759629214,245.06779035299664,10.250313751165052,4.3783233990069625,walk
141.70372054306415,14.769120169277109,198.38520876028983,31.41309084676315,14.776708519505295,walk
30.766374194501132,22.11776209374275,62.95055365142167,31.9170156632699,15.340732744146118,taxi
52.357945408358006,26.701391228209182,94.84798536281261,72.23363151124879,29.541632911848524,bus
110.55117497326668,36.85039165775556,157.93024996180955,70.56417924676819,35.19657259079172,walk
286.62894349253264,138.32342049142122,367.9117782142956,12.483848838656476,6.241924419328238,walk
32.17354338468658,24.65810178324435,64.71975329506452,63.02638662428393,28.128914049875963,bus
166.69131458899096,60.615023486905805,268.9791667231445,5.698217752024339,2.5525413463589763,walk
162.47429666361666,37.91066922151055,285.68397163352597,30.318991195711767,7.216532061251731,walk
1.1931402700174014,0.21055416529718846,1.4738791570803194,12.893646505007554,3.848491275296134,subway
12.302958363083768,5.371714214867561,28.07153880027564,22.450767776725915,4.506218225627383,taxi
32.71326039850688,20.260478494543538,71.35641694175823,17.518573046081332,3.5427741501740755,bus
94.9029098197536,8.977302280246962,137.2244777123464,53.33004744097889,16.876281386215922,walk
2.6115745291532395,2.0685738844778134,5.81786405009385,37.916288896944785,17.617014963480116,bus
355.5327391489327,311.61398901877044,466.375299001247,6.39498185026592,3.19749092513296,walk
2.489720585299217,1.8921876448274049,5.709759208952871,25.249993954243056,3.8647493264200397,bus
182.61931908116136,51.787568097642776,269.3862094903699,65.6930882586266,21.767193746969472,walk
22.46161613073347,13.829869804485577,50.78900462681772,26.217298595151412,7.752570956658294,bus
204.36075909496412,91.08127896953607,332.0576275999921,8.004591084555063,3.8472843044584244,walk
18.86084719513669,14.35996320538816,38.96479568268011,28.83434334143159,9.53387131839795,bus
158.07394669431054,45.65407809368234,215.60336302045357,20.58445100397181,9.199358625977306,walk
25.29973741298208,21.60497378088816,64.31393644339751,35.461643109118064,16.421128194966176,bus
188.3419988215696,34.35168531965735,258.2299103339759,11.636512390702059,5.148669487420886,walk
106.38380923521375,21.554889452886446,157.1420973016883,47.731466601369505,19.609426603621635,walk
34.775528656091396,22.18806736339574,73.0357217378443,64.04262339793536,29.980682998343404,bus
62.02894603935369,16.580064192909006,91.6780020078498,56.68607272573813,27.281327792161058,walk
107.58019264228241,60.51385836128386,154.64652692328096,10.93067971281906,2.0907568057875303,walk
18.991353649774894,8.929268031823986,37.91607097095409,31.66909154445482,3.703463344638883,bus
62.26488723082058,58.11389474876587,90.28408648468984,3.6193340167046215,0.5148449406020108,walk
19.55709400153586,10.769324890713579,40.148043192580225,17.11162844209916,3.4000867030680597,bus
133.9445646877115,66.97228234385575,154.55142079351327,5.139014095992886,0.8749575792361337,walk
89.30128742339625,47.627353292478,113.11496406963525,9.889044975227405,1.977808995045481,walk
7.028600787139571,0.4792227809413344,13.418237866357364,30.55173198666825,5.7522751108872905,bus
108.50846085229684,46.683872692267244,136.26643920986115,4.163021258172141,0.693191273759182,walk
8.957195126736236,1.8857252898392076,17.442958931012672,22.05735804494122,2.5520539035417174,taxi
266.5115497179247,275.13561865451726,342.7371912865169,10.440497971697372,2.0320500526933496,walk
2.6603295876953728,0.5938235686820029,2.8028472441790537,21.946219353548496,1.4200307693109393,car
4.641745998970938,0.9283491997941876,8.35514279814769,9.292668513644642,0.7972936350412718,car
0.30234835869549187,0.07558708967387297,0.9826321657603485,20.18059644475624,2.1331317113395443,car
20.751925028694213,6.225577508608263,31.127887543041318,32.69720979114394,8.172516128877904,walk
1.6591511868151056,0.17163632967052816,3.203878153849859,17.021220743665364,0.7874429536196054,car
2.391584671515646,0.6576857846668027,3.2286393065461225,27.303273118797048,1.8461008017261642,car
0.564398068599119,0.04341523604608608,1.128796137198238,21.267502965960546,0.727909355673351,car
1.0945730042773063,0.06841081276733164,2.9416649489952604,16.46360490417036,0.3608355303793823,car
16.130328945456533,1.0753552630304355,31.185302627882628,3.440794838642599,0.3470443310287275,walk
18.44217393265628,2.305271741582035,32.27380438214849,2.351377467163758,0.09653093834095311,walk
3.048602725285261,0.7621506813213152,3.8107534066065765,6.14554646688345,0.0313654815325291,walk
5.482180250166594,1.3705450625416484,8.223270375249891,46.12174961982337,6.5888213742604815,walk
0.8001743003597747,0.20004357508994366,1.4003050256296057,15.456267390797837,0.2732511276350653,car
1.0774494507534247,0.16576145396206535,1.5747338126396206,18.29019892905204,0.3295673465783954,car
0.5186641661149354,0.17288805537164514,1.210216387601516,20.244235956215423,0.3499235189483525,car
1.574591217922038,0.3936478044805095,2.165062924642802,12.827330055784813,0.08433253408333372,car
0.8746891879283492,0.15903439780515438,1.4313095802463895,19.295947668448374,3.215991278074729,car
0.9790338490756364,0.15062059216548251,1.3555853294893427,14.223708506093864,0.21802487731811937,car
0.6396914386933135,0.07996142983666418,1.1994214475499627,9.113523539475995,0.06913611952577839,car
1.0529104161187466,0.08774253467656222,1.667108158854682,13.50246615300111,0.10652429180918137,car
1.483082295564813,0.14830822955648132,2.0763152137907386,15.294812958723314,0.17206657581923993,car
0.9102519820240667,0.08275018018400605,1.572253423496115,12.616513849957016,0.14583207220025926,car
0.7119257097455292,0.07910285663839213,1.819365702683019,12.257528053501971,0.26534123808721394,car
0.8994971530090158,0.07495809608408466,1.3492457295135238,40.24775337781569,6.707958896302615,car
0.8070496993362543,0.15132181862554767,1.7654212172980561,19.318835926855552,0.19654625943101994,car
0.48038394541829593,0.24019197270914797,2.3218557361884304,15.983167174803054,1.733450389303064,car
2.7287971349817353,2.382893272800952,8.839765366842242,21.25092527312178,4.4875144067426485,car
6.747197298674658,32.748591766737974,36.86273646105179,17.27643231505851,2.0691732961308644,car
9.078181356047187,11.671947457774955,28.531427119005446,8.024952986696528,0.961788302465881,walk
3.424709303931023,1.2842659889741337,12.200526895254269,14.644345900833265,2.1443327554465337,car
2.274677363494278,0.3249539090706111,3.249539090706111,7.800703337280881,0.098476016168262,bus
7.881138012649587,1.125876858949941,11.258768589499411,26.345447277097243,12.798535643028023,walk
1.817426552320903,0.45435663808022575,4.089209742722032,7.579619691183091,0.12069407786943014,bus
6.203815792333162,2.0679385974443876,9.305723688499743,1.5715504077402045,0.022281728319492752,walk
